Service,neutral or dissatisfied,satisfied,Rating Difference
Online boarding,2.656336780414672,4.02728467380894,1.370947893394268
Inflight entertainment,2.8941002095507438,3.96527607635254,1.0711758668017963
Seat comfort,3.03707174131557,3.966233824086242,0.9291620827706719
On-board service,3.0193025197199175,3.8575851393188856,0.8382826195989681
Leg room service,2.9911068708792614,3.822438024812348,0.8313311539330868
Cleanliness,2.9363170179055147,3.7440808962736933,0.8077638783681786
Inflight wifi service,2.3997478576417874,3.1611911709022875,0.7614433132605001
Checkin service,3.0432390071042814,3.6456556117335235,0.6024166046292421
Baggage handling,3.3757091503824728,3.9663451901017885,0.5906360397193158
Inflight service,3.3890147707719303,3.9698866293961736,0.5808718586242434
Food and drink,2.958362437603285,3.5208143083056775,0.5624518707023927
Ease of Online booking,2.5471489173211577,3.031316123571731,0.4841672062505733
Gate location,2.976523502052916,2.9776822504844422,0.001158748431526302
Departure/Arrival time convenient,3.1290696287714876,2.9698866293961736,-0.159182999375314
